respid,Reason for choosing third profile (Korean),Reason translated
5,동포이니까,Because they are ethnic Korean
6,유창한 한국어,Fluent Korean
7,없음,None
8,국적 우선시 함,Nationality is prioritized
9,동포,Ethnic Korean
10,구직활동이 등록되어 있음,Employment-seeking activities are registered
12,한국의 국익과 인권을 위해 이민을 검토하면 될 것 같음,I think we should consider immigration for Korea's national interest and human rights
13,한국에 필요한사람같아서,I think this person will be needed in Korea
14,여자이므로,Because this person is a woman
15,구직 활동에 대한 유무 및 완료 사항,Status and completion of employment-seeking activities
17,같은 민족이라서,Because they are ethnic Korean like us
18,북한사람이 우리나라 말을 더 잘하기 때문에,Because North Koreans are better Korean language speakers
20,확실히 근면 성실한 신뢰성이 있는자,Someone who is clearly diligent and reliable
21,언어구사력,Language skill
22,한국어 사용,Korean language use
23,이민을 해서 나라에 더 이바지할것 같다,I think they will contribute further to the country after immigrating
24,조건이 더 좋은것 같아서,Because I think they have better conditions
25,한국어 의사소통 능력,Ability to communicate in Korean
26,이미지,Image
27,착실하게 정착해서 생활할 가능성이 커보여서,Because it seems likely they will settle down well and make a living
28,동포이며 절실함이있는사람,Someone who is an ethnic Korean and desperate
29,확실히 구직목표가 있다,They clearly have employment-seeking opportunities
30,이념적 성향이 우선,Ideological inclinations are prioritized
31,구직계획,Employment-seeking plans
32,어려움 없이 잘 정착할 것 같아서,Because I think they will settle well without difficulty
33,신원의 확실성을 알기 우해서,To confirm the certainty of their identity
35,좀더 적응을 잘 할듯,Because I think they will adjust better
37,둘 다 선호하지 않음.,I do not prefer either
38,미국사람은 일본사람보다 신뢰가 간다,I trust an American more than a Japanese person
39,특별한 이유 없음,No special reason
41,친근감,Sense of closeness
42,농부로서 구직활동을 하겠다는 점,The fact that he will seek employment as a farmer
45,한국어를 유능하게 잘 해서~,Because they can speak Korean well
46,확실한 구직의사,Clear intent to seek employment
47,신뢰가 가서,Because they seem trustworthy
48,고용계약이 된 사람이라서,Because they have an employment contract
49,아무래도 정서적으로 가까운...,Somehow they feel emotionally close
50,더 호감이 가서,They give a more favorable impression
52,1후보자 사무직은 우리 인력이 남아 도는 경우지만 2후보자의 과학연구직은 필요 인력,"The first candidate is an office worker which there is a surplus of here, but the second candidate is a science researcher which we need"
53,"망명, 남자, 농부","Asylum seeker, male, farmer"
55,다시 한번 검증할 대상이기 때문,Because they will be inspected again
58,우리나라에 이익이 가느냐 안 가느냐의 유무,It depends on whether our country will benefit
59,출신지때문에,Because of where they are from
60,직업이 있어서,Because they have a job
61,동포이기때문,Because they are an ethnic Korean
62,동포이자 농사로 국가 발전에 조금 더 이득일 듯,They are an ethnic Korean and our country's development will benefit through farming
64,직업,Employment
65,마음에 들었다,Because I prefer them
66,전체적으로 파악하여 선택 하였다,I made a choice after overall consideration
67,"1. 예맨보단 북한의 같은 민족이 좋을것으로 판단됨.(단, 간첩이 아니라는것이 확실할때) 2. 우방국인 미국이기떄문에 문제가 없을것 3. 중국은 싫음.","1. I think an ethnic Korean from North Korea will be better than someone from Yemen. (However, only if it is certain that they are not a spy) 2. I think there won’t be any issues because they are from US, an ally country 3. I don't like China."
68,예멘(이슬람)인의 입국보다는 중국인이 낫다.,Chinese person is better than Yemenis (Muslims).
70,"우리나라에서 일하고 적응 잘하면 문제없이 살수 있을것 같아서요,, 아무준비 없이 오는 사람들은 받아주고 싶지 않아요, 나라세금으로 그사람들에게 가는게 너무 아쉽습니다. 우리나라사람도 정말 필요로 하는 세금들이 많잖아요,,",Because I think there will be no problems if they work in our country and adjust well. I don't want to accept people who come unprepared. I don’t like our nation's taxes going to such people. There are a lot of taxes that people in our country really need as well.
71,우선적으로 한국 오는 이유가 정확한 사람을 뽑고 싶었습니다,I wanted to select someone who had a clear reason for coming to Korea.
72,진정성,Sincerity
73,단기근무이기 때문,Because of short-term work
75,보지,
77,구직계획이 있음,They have employment-seeking plans
76,여성이면서 직업이 좋은것같아서,They are female and I think they have a good job
78,이민이 꼭 필요할것 같아서,Because I think immigration is necessary
80,국내활동가능성,Possibility of domestic activities
81,아무래도 같은 동포니까 선택했습니다,I selected them because they are ethnic Korean
83,우리말을 잘 하는지와 같은 동포로서 우리 사회에 동화되기 쉬운지를 판단했을 때 더 나아 보여서,They seemed like the better choice when I considered Korean language skills and because they would be able to assimilate into our society as ethnic Koreans
84,이민이 절박해 보여서,Their immigration seemed urgent
85,"동포, 간호사, 여성","Ethnic Korean, nurse, female"
86,사무직,Office worker
87,같은 국가라면 여성의 이민이 더 낫다고 판단,"If they are from the same country, a female immigrant would be better"
88,한국에 이민을 온 명확한 계획성과 준비성이 있어서 믿을수 있다는 신임을 가질수 있엇다,I felt like I could trust this person because they had a clear plan and was prepared to immigrate to Korea
89,"사용자와의 계약 완료인가, 아닌가를 중점적으로 살폈음",I focused on whether their contract with their employer was concluded or not
90,출신국가,Country of origin
91,직업이 간호사인게 맘에 들었다. 점점 수명이 늘어나면서 간병인들의 수요가 높아지는데 반해 공급이 원활하지 않은게 사실이다. 물론 간호사이긴 하지만 노인요양병원이나 간병인으로 활용하면 우리 사회에 좋게 작용할 거 같다.,"I liked that they were a nurse It is true that the supply of caregivers is not stable, while the demand for caregivers is increasing as life expectancy increases. They are a nurse, but if they can be employed at hospitals for the elderly or work as caregivers, I think it will be good for our society."
92,한국말을 할 줄 알면 적응하기 쉬울 거 같다.,"If they can speak Korean well, they will adjust easily"
93,북한출신 재정착 지원이 동포애차원에서 선호됨,Support for settlement of North Koreans is preferred considering Korean ethnicity
94,한국에서 놀고 먹은 이유가 없어보임,It doesn’t seem like they will be idle in Korea
95,고용주와의 취직여부를우선적으로 고려함,I considered whether they found a job with an employer first
96,이민국의언어와교육으로준비되어있음,They are prepared in terms of the language and education of the country they are immigrating to
97,망명은 어쩔수 없는 상황에서 한것으로 판단,I think they are seeking asylum because there were no other options
98,이민의 구체적인 사유가 있어보였음,They seem to have a specific reason for immigration
99,재정착,Resettlement
100,한국어실력 이민목적,"Korean language skills, objective of immigration"
101,더 신뢰감이 가서,I trust them more
102,의사라는 직업의 활용,The application of their profession as a doctor
103,IT관련 종사자를 선호했다.,I preferred the IT related worker
104,면접완료,Interview is complete
105,고용주와 계약된 단기근무라서,Because of the short-term work contracted with an employer
106,안전성,Stability
107,신원이 좀더 확실해 보임. (과거 데이타가 더 필요) 한국에 오려는 목적을 명확히 파악할 필요 있음.,Their identity seems more certain (Past data is needed) we must clearly understand their objective for coming to Korea.
108,일본인,Japanese
109,한국어가 유창함,Their Korean is fluent
110,그나마 고르자면 잠깐만 머무니까 선호가 간다고 느낌 대한민국도 모든 사람이 잘 사는게 아니라 그 못사는 사람을 지원해줄지 언정 이민한 사람을 그닥 환영하고 싶지는 않음,"If I had to chose, I would prefer them because they stay is temporary. Not everyone in Korean is wealthy either and it is uncertain whether the poor will be supported. I don’t really want to welcome an immigrant."
111,단기근무를 위한 신청이라 심사를 까다롭게 할 이유가 적어서,Because there is little reason to strictly inspect them because this is an application for short-term work
112,한국에 필요한 사람인 것 같아서,Because I think they will be needed in Korea
113,언어 능력,Language skill
116,성실성,Diligence
117,한국에 이민오기위해 준비를 많이한걸로 판단되기 때문(예를들어 취업을 위해 이미 준비하고 취업이 된 상태로 신청한 사람들이기 때문에),"Because it seemed to me they made many preparations to immigrate to Korea (for example, they prepared in advance for employment, and they applied after they got a job)"
118,언어,Language
119,노력이보임,I can see their efforts
121,자국의경제력이 좀더 나은 이민자들이 흡수되면 여러가지로 우리나라에 끼치는 영항력이 더 나을거 같아서,"Because I think if immigrants from countries with greater economic power are absorbed, the effect on our country will be better"
122,사회적인 문제를 일으킬 만한 사람은 아닐것으로 간주되어서,I don't think they will be someone who will cause social issues
123,재정착의 이유이기 때문에,On account of the reasons for resettlement
124,"같은 민족, 한국어나 한국문화에 익숙한 사람을 우선으로 해야함","Ethnic Korean, we must prioritize people who are familiar with the Korean language and culture"
125,한국말도 어느 정도 할줄 알고 직장도 있고 동포이기 때문,"Because they have some knowledge of the Korean language, are employed, and are ethnic Korean"
126,베트남,Vietnam
127,한국과 친근함이 보임,They seem familiar with Korea
128,한국에 정착해서 살아갈수 있을것 같은 사람,I think they will be able to settle in Korea to live
129,부단한노력,Constant effort
131,"동포이고, 또 한국에서 구직활동하면서 생산성에 기여할 수 있어서",They are ethnic Korean and they can contribute to Korea’s productivity through employment-seeking activities
132,한국어도 유창하고 취업도 보장되므로 한국에서 살기에 어려움이 없을 것같아서,Because I don’t think they will have any difficulty living in Korea as they are fluent in Korean and employment is guaranteed
133,우리 사회와 동화될 수 있어서,Because they can assimilate to our society
134,연민,Compassion
135,고용주와 계약 완료되서,Because they entered into a contract with an employer
136,한국에 살려는 의지,Their willingness to live in Korea
137,취업이 확정이 되어서 선택하였습니다,I chose them because their employment was confirmed
140,"이민국 고유의 문화에 얼만큼 잘 어우러질 수 있는지, 토착민들과 잘 융합될 수 있는지의 여부를 따져봤다",I considered how well they can blend in with the native culture of the country they are immigrating to and whether they can integrate will with native people
141,한국어가 유창하고 재정착,Their Korean is fluent and they will resettle
142,어쨋든 우리 동포이면서 연구원이라서 우리 사회에 도움이 될듯해서,Because they are ethnic Korean and I think they will be helpful to our society as a researcher
144,"첫째 동포이었으며, 두째는 취업 의지가 있었음.","First, they are ethnic Korean, and second, they are willing to find a job."
145,나의주관,My point of view
146,우리나라에서 이점만 취하고 먹튀하려는지 여부를 가늠해봤음,I considered whether they would take advantage of our country and dine and dash
147,확실한 동기가 있으며 우리나라에 필요 인력군임,Has a clear motive and they have a profession that our country needs
148,이민을 좀 더 확실히 원하는 프로필이였다,They had a profile that more clearly needed to immigrate
149,같은 민족이기때문에,Because they are ethnic Korea
150,"특별한 이유 없고, 위험성이 낮으니까","No special reason, and because they were low risk"
151,한국어 사용 가능여부 취업 의지 여부,Whether they can speak Korean and whether they are willing to work
152,조금이라도 의지가 보여서,Because they showed willingness
154,동포이고 단기근무자이기때문에 바로 출국이 가능하기 때문,Because they are ethnic Korean and because they are a short-term worker and thus will be able to leave the country soon
155,중국출신이 아님,Not from China
156,능력있는 이민자는 망명하는쪽이 좋아서,Because it would be good for a skilled immigrant to seek asylum
157,우리와 같은 민족으로 비록 한국어를 잘 하지 못하더라도 곧 잘 정착하리라 보아서 선택함,"They are ethnic Korean. Even if they cannot speak Korean well, I chose them because I think they will settle well."
158,출신지와 개인이 처한 상황.그리고 우리말을 배우려고 하는 자세,"Where they came from and the situation they face. Also, their willingness to learn Korean."
159,그나마 최선책을 찾은것뿐이지 선호하는 프로필은 존재하지 않았다,"I just found the best choice, but there is no profile that I prefer."
160,친절,Kindness
161,한국어을잘해서,Because they can speak Korean well
162,특별한 이유는없다,No special reason
163,없음,None
164,사회에 도움이될만한사람을뽑음,I chose someone that would be able aid society
165,한국어 가능여부 및 출신국,Whether they can speak Korean and where they are from
166,...........,...........
167,한국어 유창성,Fluency in Korean
168,2명중 그나마 괜찮은 사람인거같다,"Of the 2, they are okay"
169,한국에 정착하려는 의지가 강하다,Their willingness to settle in Korea is strong
171,보기에좋다,They look good
172,자국에 도움이 되는 사람,Someone who will be helpful to our country
173,출신지가 미국이고 직업이 괜찮아서,Because they are from the US and and they have an okay job
174,우리나라에 들어와서 위험성이 조금이라도 적을 것이라고 생각된 쪽을 선택함,I chose someone who I think will be less of a threat in our country
175,재정착,Resettlement
176,망명은 확시한 이유가 있어서,The reasons for seeking asylum are clear
178,확실한 직업,Has a solid job
179,아무래도 교육 수준이 높은 사람이 더 적응하기 슁 ㄹ것 같애서요,Because I think someone with higher education will be able to adjust more easily
180,신뢰,Reliability
181,동포,Ethnic Korean
183,구직의사 및 출신국가가 중요하다고 생각함 동포라고 해서 다 같은 동포라고 생각진 않음,I think their willingness to find work and country of origin are important. I don’ think being ethnic Korean guarantees they are one of us.
184,한국어의 사용정도,Korean language skill
185,동포라는 이미지가 좋았다,I like their image as an ethnic Korean
186,"국적, 민족성, 적응가능성 등을 순서대로 가산함","I considered in order: nationality, ethnicity, ability to adapt, etc."
187,예멘 출신의 종교를 선호하지 않기 때문임,Because I do not prefer the religion of those from Yemen
188,신뢰가 있어서,Because there is trust
189,특별한이유없음,No special reason
190,면접을 기다린다는 점이 신뢰가 가서,I had more trust in them because they are waiting for a job interview
191,한국어 사용 능력,Ability to use the Korean language
192,한국어능력,Korean language skill
193,동포,Ethnic Korean
194,열심히 살것 같다,I think they will live earnestly
195,우리동포,Ethnic Korean
196,한국어가 어느정도 가능하여 정착후 어려움이 크지않을것이고 예멘인은 단기로 머무를 것이라고 하여 허가해주고싶지않음,They will not face much difficulty because they have some knowledge of Korean and I don't want to authorize Yeminis to come because they will be staying short-term
197,좀 더 안전한 사람으로 여겨지고 계획이 있어보임,I feel they are the safer choice and they seem to have a plan
198,계획이 있어서 (어느정도),Because they have a plan (somewhat)
199,국적 직업 선호,I prefer their nationality and job
200,경제적인 면,Economic aspect
201,정상국가,Normal state
203,"직업, 정착가능성","Job, ability to settle"
204,지금시기가 확정적이지 않아서,Because it is not definite at this point
205,취업이 완료된 사람이라면 정착하는데 수월할 것 같아서,Because I think they will settle more smoothly if they already secured a job
206,너무 좋아요,Very good
207,일을 할수있는 상태,They can work
208,모름,I don't know
209,우리나라 정착해서 잘 지낼거 같아서,Because I think they will settle in our country and live well
210,북한과 평화모드가 조성되길 바라는 마음에,In the hopes that peace with North Korean will be achieved
211,이민이 좀더 필요해 보여서,Their immigration seemed more necessary
212,일단 한국어를 잘한다는 점에서,The fact that they can speak Korean well
213,필요하기 떄문,Because it is necessary
215,현실 적응력이 나을듯 함,It seems their ability to settle will be better
216,한국어 소통이 가능하고 농사일을 하기 위하여 필요한 요건이 충족된다고 판단됩니다.,They can communicate in Korean and it seems that the requirements for them to work in farming are met.
219,우리나라에 도움이 되고 단순 육체노동자가 아니라서,Because they will help our country and they are not just a manual laborer.
202,신뢰도,Reliability
220,"원활한 한국어, 고용확인","Good Korean language skills, confirmed employment"
221,고용완료,Employment is complete
222,우리나라 동포이니까,Because they are ethnic Korean
223,국적에따른 호감도,Likability based on nationality
224,한국어가 가능하고 구직을 하였기 때문이다,They can speak Korean and they have looked for work
225,한국에 오는 뚜렷한 계획이 있기 때문에,Because they have a clear plan for coming to Korea
226,우리나라도 타민족의 이민을 유연하게 받아 들여야 한다고 생각함,I think that we need to be flexible about receiving immigrants of other ethnicities as well
227,"선진국,어느정도 교육을 받은 지성인,국가에 이득이 될 수 있는 직업조건,여성","Advanced country, intellectual with a certain level of education, employment conditions that will be beneficial to the country, female"
228,가장 우선은 조금이라도 국민에게 해가 될만한 여지가 있는지를 생각합니다.,"First of all, I consider if they will be harmful to the Korean people"
229,"여성, 서투른 한국어라도 연습하였다는 점","Female, and even if their Korean is not good, they practice"
230,조금더 안전하게 보인다.,This choice seems a little safer.
231,"베트남과 관계가 좋아지고 있고, 의사로서 도움이 될 것 같음","Our relations with Vietnam are improving, and this person will be helpful as a doctor"
232,둘다 싫지만 그나마 여성 후보자가 낫다. 예멘 국적 남성에 대한 편견이 있다,"I don't like either, but I think the female candidate is better. I have prejudice against males from Yemen"
233,구직활동,Employment-seeking activities
234,언어적인 부분,Part about language
235,없음,None
237,민족성 및 한국어 구사 가능 여부와 구직 계약 완료여부 등 복합적,"Their ethnicity, command of the Korean language, and whether they entered into an employment contract, etc."
238,"방금이 바로 앞의 예를 말하는지? 언어, 목적 등","Does this refer to the previous example? Language, objective, etc."
239,한국어를 하고 확실한 직업이 있는 사람 그리고 우리 동포를 위주로.,"Someone who can speak Korean and with a solid job, and I prioritize ethnic Koreans."
240,"와서 문제를 일으킬 소지가 없고, 자기 자신을 부양할 준비가 되어 있어서","Because it doesn’t seem they will cause problems when they arrive, and they are ready to provide for themselves"
241,"여성,재정착","Female, resettlement"
242,직업을 얻기위해 한국으로 들어옴,They are coming to Korea for work
243,같은 동족 이라서,Because they are of the same race
244,의사소통을 할 수 있는 한국어를 하여서 입니다,Because they can communicate in Korean
245,직업군,Occupation
246,출신국 때문에,Because of their country of origin
247,구직이 정해져있기때문에,Because their employment is settled
248,한국어를 말할수 있어서,Because they can speak Korean
250,여성,Female
251,상대적으로 나아서,They are relatively better
252,유창항 한국어,Fluent Korean
253,더욱 간절해보였다 한국생활에 더 도움이 될거라 생각.,They seem more earnest and this will be helpful for them when living in Korea.
254,한국어 능력과 이미 한국업체와의 계약 완료,Their ability to speak Korean and the fact that they already entered into a contract with a Korean company
255,"구직이 되었거나, 구직계획이 있을 때만 허가",Approve only when they have employment or have employment-seeking plans
256,이민자로 적합해보임,They seem appropriate as an immigrant
257,보다 전문적인 지식을 가지고 있음,They have professional knowledge
258,적응이 빠르고 분란의 소지가 적음,"They have specialized knowledge, will adapt faster, and are less likely to cause disorder"
259,북한 동포 출신의 우선 선택하였음,I selected them because they are an ethnic Korean from North Korea
260,직업,Employment
261,망명을 하기 위한 신청이라면 사유를 확인햐여야 하겠지만 일단을 긍정적으로 받아들인후 면밀하게 조사를 해야함,"If they are seeking asylum, their reasons must be confirm, but they must be investigated closely after accepting them in a positive manner"
262,같은 민족이기때문에,Because they are ethnic Korea
264,프로필이 마음에 들어서,I liked their profile
265,한국어를 할 줄 알아서,Because they know how to speak Korean
266,우리 동포여서 동질감이 있기 때문에,They are ethnic Korean so I feel a sense of kinship with them
267,각자의 뚜렷한 직업때문,Because of each individual's distinct occupation
268,불법 체류의 가능성이 상대적으로 적음,Because they are relatively less likely to stay illegally
269,후보자의 의지,The candidate’s willingness
270,국내에서 취업예정임,Plans to find a job here
271,동포,Ethnic Korean
272,그냥,Just because
273,한국어를 유창하게 구사함,They can speak Korean fluently
274,우리나라동포,Our ethnic Korean
275,진정성,Sincerity
276,우리나라에 정착하고 적응하고자 하는 의지를 파악해 보았다.,I tried to understand their willingness to settle and adapt in our country
277,한국어가능,They can speak Korean
278,동포,Ethnic Korean
279,더 호감이 가서,They give a more favorable impression
280,망명아님,Not an asylum seeker
283,장래에 국가나 미래에 도움이 될것같아서이다,Because I think they will be helpful for the country and future
284,동일민족,Same ethnic group
285,Fhhh,Fhhh
287,이민의 자격이 충분하기때문에 안전하다고 판단되어서,Because I think they are a safe choice as they have sufficient qualifications for immigration
289,예맨 사람보다는 나을것 같아서,Because I think they will be better than someone from Yemen
290,나와 맞는 성격이여서,Because their personality suits me
291,좀 더 믿음이 가서,Because I trust them more
292,한국어능력,Korean language skill
293,한국말이 가능하고 구직활동 등 뚜렷한계획이 있으므로,"Because they can speak Korean and they have clear plans including employment-seeking activities, etc."
296,의사라는 직업과 한국어를 할 수 있다는 점 때문에,Because they are a doctor and can speak Korean
298,"방금 중국남성과 북한여성 중 고르는 문제는, 중국남성은 별다른 직업도 능력도 없어 한국사회에 도움이 되지 않을 것으로 보았기 때문. 둘 중 그나마 북한여성은 자립의지가 보였음.","When choosing between the Chinese man and North Korean woman, the Chinese man did not have any job or skills and did not seem like he would be helpful to Korean society. Between the two, at least the North Korean woman had the willingness to support herself."
299,동포라서,Because they are ethnic Korean
300,구직계획이 있는 동포이므로,Because they are an ethnic Korean with employment-seeking plans
301,이왕이면 동포니까.,Because ethnic Koreans are preferred
302,직업을 갖기 쉬울것 같아서,Because I think it will be easy for them to find a job
303,같은 민족이라서,Because they are ethnic Korean like us
304,미국이고 여자,They are from the US and a female
305,무난,Easy
306,비교 대상보다 조건이 조은것 같음,They seemed to have better conditions than the other person
307,한국어를 사용 할 수 있기 때문. 현 행정직을 하면서 외국인들을 많이 마주하는데 한국어를 하지 못하는 직원들은 너무 힘들고 솔직히 해결방법이 적어짐,"Because they can speak Korean While currently working as an administrator, I face a lot of foreigners but employees that cannot speak Korean are very difficult, and there are few solutions."
308,"전반적으로 선홓사지 않고, 공부등을 이한 이민등은 유보적인 입장입니다.","I don't prefer them overall, and I have reservations against immigration for study purposes."
309,한국어가 유창하기 때문에. 서로간 의사소통이 되지 않으면 함께 일을 할 수조차 없어서 한국어 유창자를 필요로 함,"Because their Korean is fluent. We need people who are fluent in Korean because if communication is not possible, we cannot work together."
310,특별이유없음,No special reason
311,"성별, 한국어구사 등 고려함","I considered gender, ability to speak Korean, etc."
312,정착할 준비가 되었다,They are prepared to settle
313,한국어 가능,They can speak Korean
315,특별한 이유없음,No special reason
316,좀더 안정적으로 한국사회에 적응할수있다고 생각함.,I think they will be able to settle in Korea more stably
318,직업이 있음,They have a job
317,성실 할 것 같아서,Because I think they will be diligent
319,동포의 경우에 더 선호하게 되는 경향이 있었다.,I tend to prefer ethnic Koreans
320,한국어 능력,Ability to speak Korean
321,언어습득력과 직업 부분,Ability to learn languages and job aspect
322,5566,5566
323,직업 및 단기-정착 보고 고름. 안그래도 내국적으로도 취업이 어려운데 외국인까지 오면 더 곤란해서.,"I chose them because of their job and their short-term settlement Jobs are hard to find already domestically, so it will be more difficult if foreigners come."
324,한국어를 할 줄 알아서,Because they know how to speak Korean
326,선호하기 보다는 둘중에 굳이 선택해야한다면,"I didn’t really prefer anyone, but if I had to choose, this is my choice"
327,우선 사상적으로 안정 되어있느느것 같아서,"First of all, I think they will be ideologically stable."
329,우리나라에 기여도,Contribution to our country
330,전문직,Professional
331,한국어를 할줄알면 적응이쉬우니까,Because it will be easier to settle if they know how to speak Korean
332,단기이주계획이기때문에 그기간동안만 잘관리하면 된다,"It's a short-term immigration plan, so they can just manage well during that period"
333,우리나라와 잘 맞는 거 같아서,Because I think they are suited for our country
335,성별 및 한국어 사용여부,"Gender, and whether they can speak Korea"
336,"더 끌리고, 위험요소가 덜 한 사람 같아서","I feel more drawn to them, and they seem to be less risky"
337,더 신뢰가 가서,Because they seem more trustworthy
339,확실히 일을 하려고 해서. 구직이 예정이 아니고 아예 합격된 상태이기 때문에.,Because they are definitely trying to work Because they are not planning to look for work but has already been accepted
340,취업을 해서,Because they are looking for work
341,우리나라가 아니면 살기 힘들 것 같아서,Because I think it would be difficult for them to live if not in our country
345,한국에서 잘 적응할수있어서,Because they can adjust well in Korea
348,"노력, 이민 후보자의 태도","Effort, attitude of the immigration candidate"
350,믿을수있어서,Because they are trustworthy
351,출산국,Country of origin
352,서투른 한국말사용,They speak Korean poorly
353,최악 보다는 차악 이라서 ( 둘다 내키진 않음 ),Because they are worse than the worst (both are unwilling)
354,국가에 적극 적응 하려는 노략이 보인다,I can see their efforts to actively adjust in the country
355,적응 가능성이 상대적으로 높다고 판단됨,I think the possibility that they will adjust is relatively high
356,전문직,Professional
358,구체적 목적을 가지고 있어서,Because they have a specific objective
360,우리나라에 정착하기 위해서는 언어가 우선이라고 생각되며 직업의 종류 또한 중요하다고 생각한다.,I think that language is a priority to settle in our country and type of occupation is important as well.
359,"구직, 한국어 유창성, 한국 동화 용이","Seeking employment, fluent in Korean, easy assimilation to Korea"
361,믿을수있으서,Because they are trustworthy
363,친근해서,Seems friendly
364,동포,Ethnic Korean
365,그냥,Just because
366,뚜렷하다,It is clear
367,이미 베트남 사람들은 한국에 많이 와서 일을 하고있다,Many Vietnamese people have come to Korea and are working
369,ㅎ하한ㄱ구국ㅁ미ㅁ마말,
371,없음,None
372,여성이고 한국말을 쓸 줄 아는 사람을 고름.,I chose a female and someone who can speak Korean
373,맘가는대로 선택함,I chose who I was drawn to
374,"구직활동을 하려거나 노동을 하려는 자, 그나라의 언어를 공부했다는 것은 살기위해 노력하는 것이기 때문에 선호함.",I prefer this person because they are seeking employment or willing to work and because they studied the language of that country which shows that they are making efforts to live there.
375,모름,I don't know
376,망명이란게 쉬운일이 아니라서,Because seeking asylum is not easy
377,더 안정적,Seems more stable
378,친밀감,Sense of closeness
379,여성이여서,Because they are female
380,의사로서 우리나라의 의료기술에 도움을 줄 수 있을 것 같다고 생각했기 때문입니다.,"Because as a doctor, I think that they will be able to help our country’s medical techniques"
382,국적,Nationality
383,미국 일본,"US, Japan"
236,한국과 더욱 가가운 나라에서 이민온 외국인,A foreigner who has immigrated from a country closer to Korea
384,믿음이 가는 쪽을 선택,I chose the person I believed in more
385,신뢰감이 크다,Had a strong sense of reliability
386,구직활동에 대한 계획 또는 명확한 취업사실 확인,Plans for employment-seeking activities or clear employment has been confirmed
381,지금도 의사는 많음,There are many doctors even now
387,합리적인 것 같아서,Because I think they are rational
389,북한 탈북자는 우리나라국민이다.,North Korean defectors are people of our country
391,두나라밖에없어,There are only two countries
392,농촌의 일손부족,Shortage of farmers
393,구직활동기준,Based on employment-seeking activities
395,프로필을 보고 마음이가는데로 선택,I looked at the profiles and chose the person I was drawn to most
396,같은 한민족이기 때문에 북한사람을 선택함,I chose the North Korean person because we all belong to the Korean race
399,언어,Language
397,예멘,Yemen
400,망명이기 때문에. 일시적인게 아니어서.,Because they are asylum seekers. Because it is not temporary.
401,확실한 동기를 가지고 입국,They are coming in with a definite motive
402,"단기체류, 국적","Short-term stay, nationality"
403,국익에 도움,Helps our national interest
404,국가,Country
405,직업이 의사이고 구직활동을 할 예정이라는 점 때문에,Because they are a doctor and they plan to seek employment
406,딱히 없음,No particular reason
407,생산적인 직업을 가지고 있어서,Because they have productive job
410,재정착하기 위해 노력하고 있는 점과 단기가 아닌 장기간이라는 점,Because they are trying to resettle and they plan to stay long term not short term
411,여성으로서 나라에 이바지할 것같음,I think they will contribute to the country as a woman
412,단기근무가 아닌 망명이므로,Because they are seeking asylum and will not work here short-term
414,유창한 한국어를 사용하고 동포이기 때문에,Because they speak fluent Korean and is an ethnic Korean
415,질문을 이해하기 어렵습니다.,It is difficult to understand the question.
416,개인적으로 베트남인을 선호.,"Personally, I prefer Vietnamese."
417,별다른 이유 없다,No particular reason.
418,rmsid,rmsid
419,취업,Employment
420,한국말 능통자,Fluent in Korean
421,안정되게 정착할 가능성이 높다,There is high possibility that they will settle down in a stable manner.
422,"제일 우선 순위는 여성인가, 다음으로는 한국어를 조금이라도 할 수 있는가","First priority is whether they are female, and then I consider whether they can speak Korean"
423,그나마 불법체류자가 될 가능성이 낮아 보여서,Because I don’t think they will become an illegal immigrant
424,신원의 확실함,Their identity is certain
425,출신국과 체류목적이 공부나 취업인 경우를 선호,I consider their country of origin and prefer people who's purpose of stay is study or work
426,"언어, 직업, 정착의욕","Language, occupation, desire to settle"
427,고용확정,Confirmed employment
429,한국어를 할수있어서,Because they can speak Korean
431,국적,Nationality
432,어디서든 살기위한 노력은 이해해줘야할거같음,I think we need to understand people’s efforts to live anywhere
433,장기적으로 한국인이 되지 않을 경우에 이민을 확정해주고 싶은 생각은 없지만 재정착을 목적으로 온 경우가 한국에 더 오래 있을 것 같다,"I don’t want to approve their immigration if they will not become a Korean in the long term, but I think those who come here with the objective of resettling with stay in Korea longer"
434,모르겠음,I don't know
435,망명자로 영구 정착에 안정적,Stable permanent settlement as an asylum seeker
436,좀더 나라에 필요하고 성실하게 일하고 살아갈수있는 사람들을 뽑았다.,I chose someone that the country needs more and someone who will work and live diligently
437,그냥 그런 마음이 들었다.,I just felt that way
438,틉별한 이유없음,No special reason
439,같은 민족에게 기회를 주고 싶다,I want to give a chance to an ethnic Korean
440,다른 후보보다 구직이나 정착의 절박함이 더 큰 것 같아서.,Because it seemed this person was seeking work and resettlement more urgently
441,한국어를 하면서 여성이기 때문이다,Because they can speak Korean and are female
442,사회에 도움이 될것 같음,Because I think they will be helpful to society
443,괜찮아보여서,Because they seemed okay
444,한국어를 사용할 수 있어서,Because they can speak Korean
445,계약완료,Contract has been concluded
446,확실한 이유가 있어서,Because they had a clear reason
447,단기근무 보다는 망명을 원하는 사람에게 기회를 주는게 맞지 않나 싶다.,I think giving the opportunity to someone who is seeking asylum would be better than someone seeking short-term work
448,내국인에 대한 위해감이 없고 사회적 분위기를 흐리지 않을거 같아 선택함,I chose this person because I didn’t think they would be harmful to locals and would not cloud the social atmosphere
449,한국 이민에 대한 의지가 있는 사람 같아서,Because they seemed like someone who is willing to immigrate to Korea
451,두 사람다 적당해 보인다.,Both seemed appropriate
452,"지리적으로 먼국가에서 왔기때문,",Because they came from a geographically far country
453,국내인력보호,Protect of domestic workers
454,이민의 목적이 확실해야함,Their objective for immigrating must be certain
455,"출신국, 이민 사유가 마음에 든다",I like their country of origin and reason for immigrating
456,교육,Education
457,이ㅡㄴ전,
458,직장이 보장된것같아서,Because their job seems guaranteed
459,안정적인 직업과 재국 이유가 확실한것 같아서,Because they have a stable job and their reason for immigrating is certain
460,국익과 안전,National interest and safety
462,대한민국에대한 관심,Interest in South Korea
463,한국에서 살기를 원하는 사람을 우선으로 지원해 줘야 한다,We must support people who wish to live in Korea
464,취업확실예정자라서,Because their employment is certain
465,한국어 실력 및 기술,Ability to speak Korean and skill
466,한국어실력 및 재정착,Ability to speak Korean and resettlement
467,확실한 직업의식,Definite work ethic
469,별다른 이유는 없음,No particular reason
470,한국어 능숙과 직업,Korean language fluency and occupation
471,djqtdma,djqtdma
468,느낌적으로,Based on my feelings
115,신뢰,Reliability
472,"언어의 문제, 이민의 동기(망명, 학업, 취업 등) 인종 및 동포 여부","Issue of language, motive for immigrating (asylum seeking, education, work, etc.), ethnicity, and whether they are ethnic Koreans"
473,없음,None
475,유창한 한국어,Fluent Korean
476,민족적 폐쇄성이 높은 우리나라에서 북한사람은 그나마 우리문화에 적응하기가 쉽다,"In our ethnically closed country, it is easier for North Koreans to adapt to our culture"
477,여성,Female
479,그냥,Just because
480,한국어구사능력 및 취업기준,Ability to speak Korean and employment standards
481,동포인경우와 우리나라 언어의 유창성,If they are an ethnic Korean and fluent in Korean
482,신뢰가 간다,I trust them
483,타국인중 우리나라를 더 좋아하는 나라의 이민 후보자를 선택하였음,"Of the foreigners, I chose an immigrant candidate from a country that liked our country better"
484,"사회 내에서의 정착에 대한 의지가 취업 여부, 언어 시도 여부에서 엿보았다.",Whether employment is a reason for settling in society and whether they attempted to learn the language
485,전문직,Professional
486,출신국가와 언어사용 능력때문에,Because of their country of origin and their ability to speak the language
487,한국말 사용 여부,Whether they can speak Korean
488,싫음,I don't like
489,한국내 중국인 진찰에 유용할거 같고 전문직이라,I think they will be helpful for treatment of Chinese people in Korea and because they are a professional
490,이슬람교도는 위험해서,Because Muslims are dangerous
491,구직계획이 있어서,They have employment-seeking plans
492,연구원,Researcher
493,우리나라에서의 적응 가능성 및 기여도를 고려,I considered whether they would be able to adapt to our country and the level of contribution they can provide
494,위험의 척도,Measurement of risk
495,노력하는 모습이 보여서,Because I can see their efforts
496,의사소통이 무엇보다 중요하다고 생각해서,Because I think communication is the most important
497,재정착이며 서투르더라도 한국어를 사용할 줄 알기 때문,"Because they will resettle and though their Korean is not fluent, they can use it"
500,아는 지인중에 탈북자가잇기 때문에 북한 사람에 대한 인식이 좋다,"Because I have a defector acquaintance, my perception of North Koreans are good"
501,한국사회에 적응을 잘할것 같아서,Because I think they well settle well in Korean society
503,한국문화에 쉽게 적응할 수 있을 것 같아서,Because I think they will adapt easily to Korean culture
504,예멘 보다는 일본인이 조금은 더 믿을만함,The Japanese person is a little more trustworthy than the person from Yemen
505,망명을 원하고 있어서 실제로 살아갈 터전을 원하고있고 직업도 확실하고 같은 동포이기 때문이다,"Because they want to build a place to live ask they are seeking asylum, have a solid job, and they are an ethnic Korean."
506,믿응이 간다,They seem trustworthy
507,없음,None
508,유창하지는 않지만 한국어를 배운 상태라 의사소통이 가능 할 것 같아서,"Because although their Korean is not fluent, they learned it and communication will be possible"
510,구직 계획 있음,They have employment-seeking plans
512,도움이 더 되는 쪽으로 생각했다,I chose the candidate who would be more helpful
513,언어가 통해야지,We must be able to communicate
514,의사라는 직업은 중요한 직업이라 생각해서 선택하였습니다,I chose this person because doctor is an important profession
516,"예멘은 선호하지 않고, 북한동포는 선호하며, 한국에 이민왔을때 정서적, 종교적 영향을 미치지 않을것 같은 사람을 선호합니다. 공부를 많이하고 한국어를 해도 범법자나, 자신의 나라의 종교, 예의범절, 슴관, 음식등을 고집할수있는 사람이라면 이민허가를 고려해봐야한다고 생각합니다. 한국이 살기좋은 나라, 아이낳고 싶은 나라가 되기를 바랍니다. 모두 한국을 떠나 이민을 가고 싶어하니까요. 오히려 다른 나라 사람으로 한국을 채울경우 그래도 한국인의 정서가 유지될수있는 사람이면 어떨까합니다.","I do not like people from Yemen. I prefer North Korean ethnic Koreans. I prefer people that will not have an emotional or religious affect after they’ve immigrated to Korea. Even if they have a high level of education and can speak Korean, if they are law breakers or if they may cling to the religion, rules of decorum, customs, and food of their country, we need to consider whether we want to allow them to immigrate. I hope that Korea will be a good country to live in and have children in. Because everyone wants to immigrate away from Korea. If Korea is to be filled with foreigners, I would like them to be people who can preserve what it means to be Korean."
515,망명사유에 따라 다르겠지만 정치적이나 사회적 핍박을 벗어나기 위한 망명에 대해서는 물의를 일으키지 않는 선에서 받아주는것이 옳다고 생각한다,"It will be different depending on the reason for seeking asylum, but if the reason is to escape political or social persecution, I think it’s right to accept them as long as it does not cause public criticism."
517,"한국어 능력, 취업여부 등","Korean language capacity, job qualificiations etc."
519,동포인지 먼저 확인하고 선택했다,I confirmed they were an ethnic Korean and made my choice
520,신분보장,Status security
521,취업계획 완료,Employment plans
522,생계를 위한 이민이라,They immigrated for their livelihood
523,여성 농업인,Woman farmer
524,동포라는 이유가 제일 큰거같다,Main reason is that they are an ethnic Korean
525,"고용주와 계약 완료를 하였고, 우리나라 언어를 구사한다는 점",Have a contract with employer and speak Korean
527,목적이 보임,Clear purpose
529,한국어 사용 유무와 직업,Korean language capacity and occupation
530,미국,America
531,망명은 생명과 직결 될것 같으므로 취업보다는 우선하여야 할것 같아 선택,"Asylum is directly related to life, which should take priority over employment"
532,"여행을다녀와서,이해함.",I understand they are only here for a vacation
533,어느정도 한국어 소통이 가능하고 유망해 보인다.,It seems promising that they can communicate somewhat in Korean
534,우리나라에 해가 덜될것같은사람을 선택,I chose someone less likely to harm our country
535,될것같아서,It will seemingly work out
536,안전할것 같다,They seem safe
537,내 주관적 느낌으로,My subjective feeling
538,없음,None
539,우리나라에서 적응이 빠르것 같아서,They will integrate quickly into our country
540,목적이 분명하고 문제가 일어나지 않을거 같아서,Purpose is clear and there isn't likely to be any problem
541,한국말이 가능하고 고용계약이 되있음,Korean language capacity and employment contract
542,직업상 좋다,Occupation is good
543,계약 완료,Has an employment contract
544,확실한 구직활동을 목적으로 하므로,Clear purpose in looking for employment
478,구직계획있으므로,Has employment plans
545,사회적 약자,Disadvantaged
546,앙숙이지만 저들을 안받아주기에는 너무 너그럽지 못하단 생각이 듭니다.,"This is a bit hostile, but I don’t think I am generous enough to accept them."
547,일본인이니까,Because they are Japanese.
548,딱히 선호하는 것은 아니고 두분다 이민을 받아들여야 한다고 생각함,"I don’t really like them, but I think that both people should be accepted for immigration."
549,"직업이 연구과학자이고, 취업까지 완료된 상태였다. 언어적인 부분이 걸리지만 장기적으로 봤을때 한국에 도움이 될수 있는 사람이라고 생각을 했기 때문","They were a science researcher and already had a job. Their language skills were not great, but in the long term, I think this person may be helpful to Korea."
550,좋음,Good
551,한국어가 유창하다 의사로서 활동하려면 한국어가 가능한 사람이 진료에 훨씬 효과적이다,"Their Korean is fluent. To be a doctor, someone who can speak Korean will be much more effective during treatment."
553,이미 한국에서 일에 관한 계약을 맺어서,They have made plans to work
554,테러위험이 없어보인다,There doesn't seem to be any threat of terrorism
555,더 조건이 안좋은 상황,The conditions could be worse.
556,한국어 능력 이 있어서,Because they have Korean language capacity
557,고도 기술력을 가져서,Because they have high technical skills.
558,먼저 이민와서 정착하려는 목적이 국내에 부합해야하며 한국어를 익히려는 노력이 엿보여야하고 거주시 본국과 별개로 다른 문화에 융화하려는 노력이 있어야함,"First of all, their objective of immigrating and settling here must be appropriate for South Korea. They must show their efforts to learn Korean, and there must be effort to integrate with other cultures apart from their own."
559,민족,Ethnic Korean
560,미국보다는 중국이 더 나음,China is better than the United States
561,안전성,Stability
562,신뢰도,Reliability
563,도움이 되는 사람들,Someone who is helpful
564,같은 민족이기에,Because they are ethnic Korean like us
565,같은 민족이니,Because they are ethnic Korean like us
566,한국어가 유창함,Their Korean is fluent
567,유창한 한국어 실력,Fluent Korean
568,우리나라에서 문제를 일으킬것 같지가 않다,I don’t think they will cause problems in out country
569,"우선 한국어 가능 여부를 우선시했고, 그 다음은 기술 그다음 동포여부를 가림","First, I prioritized their ability to speak Korean, then their skills, and then whether or not they are ethnic Korean"
570,여성이라서,Because they are female
572,일본은 우리의 주적이니까요,Because Japan is our main opponent
573,믿음이 가서,Because I trust them
576,우선은 동포나 이민자 위주로 선택권을 주는게 국내 노동자들도 보호하고 서로 상생할 수 있는 기회라고 생각함.,I think giving preference to ethnic Koreans or immigrants will protect domestic workers and provide an opportunity for them to live together.
579,최근 한국으로 인입 되는 외국인의 사회적 문제가 많이 발생되어 그것을 초점으로 선택함,"Recently, there have been many social issues related to foreigners coming into Korea, so I made my decision based on this"
580,의사 동포 재정착,"Doctor, ethnic Korean, resettlement"
581,"확실한 고용승계, 국적고려","Clear job security, consideration of nationality"
582,소통의 가능성,Ability to communicate
583,"취업, 한국어 노력","Employment, efforts to learn Korean"
584,북한사람보다 훨씬 믿음직 스러워서,Because they are much more reliable than North Koreans
586,"이민자체를 허가하지 않는쪽 입장이긴 한데, 둘중에 굳이 한쪽을 고르자면 여성쪽을 선택했습니다. 제가 여자라서.","I am leaning towards not allowing them to immigrate at all, but if I had to choose one between the two, I will choose the woman. Because I'm a woman."
587,취업처가 예정되어있음,They have a job
588,조금더 우리나라에 도움이 되는 사람을 뽑고자함,I wanted to select someone who would be more helpful to our country
589,조금 더 끌려서,I was drawn to them more
590,북한 출신,From North Korea
591,망명이니까,Because they are seeking asylum
592,한국에서 제대로 일을 하고 사회 일원으로서 살아갈 의지가 있어서,Because they have the will to work in Korea and live as a member of society
593,,
594,망명은 생명의 위험때문으로,Because asylum seekers face danger
595,그냥,Just because
596,취업목적에 한국어를 할줄 알아서,They have employment objectives and they know how to speak Korean
597,잘 모르겠음,I’m not sure.
600,우리나라에 도움이 될것 같아서,Because I think they will be helpful to our country
602,국내에 도움이 되는지 1순위 고려,I first considered whether they will be helpful to Korea
604,출신국가도 괜찮고 과학에 도움이 될 것 같아서,"Because their country of origin was okay, and I think they will be helpful to science"
605,고용주와의 계약 완료,They already entered into a contract with their employer
607,"프로그래머의 경우, 한국어를 유창하게 할 필요가 없을 수 있어서",Because programmers don’t necessarily need to speak Korean fluently
608,구직활동을 당장 할수있기에,Because they can look for employment right away
609,의사소통의 가능,They can communicate
610,교사,Because they are a teacher
611,"어차피 동포이고, 적응하려면 시간이 걸리겠으나, 적응할 수 있으리라 생각한다.","They are an ethnic Korean and although it will take time to adapt, I think they will be able to adjust"
612,구직 경제활동여부,Whether or not they are seeking work
613,안전을 보장할 수 있어서,Because safety can be guaranteed
614,한국어 활용 가능 여부,Whether they can speak Korean
615,동포,Ethnic Korean
617,서툴더라도 한국어를 할 줄 안다는 것.,"Even if it is not fluent, they can speak Korean"
618,한국 사회에 기여 가능 여부,Whether they will contribute to Korean society
619,적응의지여부,Whether they are willing to adapt
621,그냥,Just because
622,우리 동포라서,Because they are ethnic Korean
623,유창한 언어 능력,Fluent language skill
624,한국어 구사,They have a command of the Korean language
625,안정감있어서 선택하게 되었습니다.,I chose them because it seemed like the safe choice
626,모두 선호하지는 않지만 일본은 이미지가 싫어서 굳이 섡택해야 한다면 일본인이 아닌사람,"I don't like either choice, but if I had to choose, I would select the person who is not Japanese because I don't like Japan"
627,직업이 의사라서.,Because they are a doctor
628,정착에 별 어려움이 없을 것 같아서,Because I don’t think they will face much difficulty when settling
629,이유,Reason
630,한국 말을 할수 있으며 의사 직업을 가지고 있음. 또한 취업 면접까지 된 상태로 이민의 자격이 충분하다고 봄. 다만 망명의 사유는 확인이 되어야 함.,"Can speak Korean and is a doctor Also, they passed the interview for a job, so I think they are qualified to immigrate. However, I think their reason for seeking asylum must be confirmed."
631,어느정도 익숙한 사람이 맞는 것 같다,I think whoever is more familiar is the right choice
632,,
633,북한동포,Ethnic Korean from North Korea
634,오른쪽 후보자보다는 조금은 한국에 이민하려는 성의가 보여서,This person seemed to be more sincere about their immigration to Korean compared to the candidate on the right
635,취업은 국내 정착을 용이하게 한다.,Employment makes settling here easy.
637,북한 출신 동포,Ethnic Korean from North Korea
638,이유는 없습,No reason
639,경력이 좋은 사람을 이민 후보자로 선정하기 좋기 때문,It’s good to select someone with good work experience
643,선호는 아니지만 고급인력이면 필요할수도,"I don’t prefer them, but if they have a high skilled job, they may be needed"
644,우리나라에필요함,They are needed for our country
645,필요한 업종,Required job
646,잘 적응 할수 있을 것 같아서,Because I think they will be able to settle well
648,이슬람이 아닌 사람을 더 원해서요,I want someone who is not Muslim
44,직업이 마음에 들어서입니다.,Because I like their job.
649,"직업, 한국어가능여부","Employment, whether or not they can speak Korean"
650,선진국에서 온 이민자가 더 좋을것 같아서,I think an immigrant from an advanced country will be better
651,한국에 이민이 아니고 공부를 하러 오기때문,Because they are coming to Korea not to immigrate but for education
652,민족성 및 나라의 선호도,Ethnicity and country preference
654,자국민에게도 도움이 되며 국가에도 도움이 된다고 생각합니다,"They will be helpful to other citizens, and therefore also the country"
656,모르겠네,I don’t know
657,그냥마음에들어서,I just liked them
658,일본 미국 싫다,"I don’t like Japan, USA"
659,한국어가 유창하다는 것은 한국에 관심도를 보여줌,That their Korean is fluent shows that they are interested in Korea
660,적응력이 높음,High adaptability
663,마음에들어서,Because I like them
664,모르겠다. 그냥 돕고 싶었다.,I don’t know I just wanted to help them
665,동포,Ethnic Korean
666,직업이 의사이고 한국말을 할 수 있다는 점,They are a doctor and they can speak Korean
667,문화의 유사성,Cultural similarities
669,안정적인 직업,Stable employment
670,언어가 가능하고 한국에 정착 가능한 기술직,They can speak the language and they have a technical job that will allow them to settle in Korea
671,저희 한국오는게 목적의식이 뚜렷해보이고 취업을위해 한국에오니까 기회를 주고싶어서 선택을 하였습니다 !,I wanted to give them a chance because their objective for coming to Korea is clear and they are immigrating for employment reasons so I selected them!
672,확실한 신원,Definitive identity
674,호감도,Affinity
675,장기간 한국 사회에 거주하면서 사회에 동화되어 살아갈 대상,They will live in Korean society for a long time and assimilate
676,동포,Ethnic Korean
678,무슨 이유에서 그런건지는 확실히는 모르지만 일단 망명이라고 하면 거부감이 들기 때문에 그 부분이 1순위고 어차피 올거라면 한국어를 유창하게 하는 사람이 왔으면 하는 바램.,"I'm not sure of the reason, but if they are seeking asylum, I don't feel comfortable with it so this was considered first. If they are coming to Korea anyways, I would prefer someone who can speak Korean fluently."
679,둘다잘모르겠다,I'm not sure about either
680,정치적 성향이 괜찮아요,Their political disposition is okay
681,언어가 가능해서 적응 하는데 좀 더 쉬울 것 같아서,"Because they can speak Korean, I think they will more easily adapt"
682,"한국어 구사능력, 구하고자 하는 직업","Ability to speak Korean, and employment seeking"
683,우선 의사소통에 문제 없고 유창한 한국어를 사용한 다는 것은 이미 대한민국의 문화를 이해한다고 판단 함,"First of all, if they can communicate without any problems and speak Korean fluently, it means that they already understand Korean culture"
684,목적의식이 없이 이민을 와서 실패할 경우 기존한국사회에 피해를 입힐 것 같아서 그나마 그렇지 않은 기준에서 선택,"If they have no objective and fail after immigrating, I think they will be harmful to the existing Korean society. Thus, I chose someone who would not do that."
685,의사이고 그래도 좀 많이 배웠으니까,They are a doctor and well educated.
688,한국사회에 섞여 그나마 문제를 덜 일으킬것같은 타입,I think their type will mix into Korean society and cause less problems
689,기피하는 업종에 인력이 증가하면 좋을듯 싶어서,Because I think it will be good if the workers increase in an industry that is shrinking
690,구직 활동을 확인하였음,Their employment seeking activities are confirmed
691,한국 경제에 도움이 될 것 같아서,Because I think they will be helpful to the Korean economy
692,한국어를 조금이라도 할 수 있느사람이 적응하기 쉬울 것 같아서,Because I think the person who can speak even a little bit of Korean will have an easier time adjusting
693,동포적인면과 전문성있는기술,Because they are ethnic Korean and they have a professional job
694,한국어가 가능하므로,Because they speak Korean
695,동포,Ethnic Korean
294,한국말을 하려고 노력했기 때문,Because they tried to learn Korean
696,후보2보다 더 안전할 거 같아서,Because they are the safer choice compared to the second candidate
698,이민자 정책을 좀더 알것같아서,Because I think they will know more about immigration policies
699,중국 보다 나아서,Because they are better than a Chinese person
700,"국내에 들어와서 생산적인 일을 하는사람, 어딘가에 속한 사람을 신뢰할 수 있을것같음","Someone who will be productive when they come to Korea, and someone who is affiliated with some place is more trustworthy"
702,구직활동이 확정되어 있기 때문이다,Because their employment seeking activities are confirmed
703,동포,Ethnic Korean
704,전문적인 직업이 존재해서,Because they have a professional job
19,국적이 좀 꺼려진다,I don't like their nationality
706,재정착 한국 고용주와 계약완료,"Resettlement, entered into a contract with a Korean employer"
709,일본에서의 망명은 거부시 어려움이 클 것으로 생각됨,Asylum seekers will face a lot of difficulties if they are rejected in Japan
710,가치 있는 이민자가 오기를 바랍니다.,I hope that a valuable immigrant will come.
711,망명자라서?,Because they are an asylum seeker?
712,"출신국, 한국어 능력, 고용여부","Country of origin, ability to speak Korean, employment"
714,더 많은 도움이 될것 같아서,Because I think they will be more helpful
715,이주사유,Reason for migrating
716,한국사회에 필요할 것 같아서,Because I think they are needed in Korea
717,더 간절해보였음.,They seemed more earnest
718,우리나라에 유익이될것 같아서,Because I think they will be a benefit to our country
719,북한 동포를 먼저 수용해야 한다,We must accept ethnic Koreans from North Korea first
720,직업이 더 유망하기 때문에,Because their job is more promising
724,성실성이 있어서,Because they have integrity
726,언어가 통하고 이민 목적이 확실한것 같아서,Because they can communicate using Korean and their objective for immigrating is clear
732,ㅎㅏㄴㄱㅜㄱㅇㅓㄹㅡㄹ ㅎㅏㄱㅗ ㄱㅗㅇㅛㅇㄱㅖㅇㅑㄱㅇㅣ ㄷㅗㅣㅇㅓㅆㅇㅡㅁㅡㄹㅗ,Because they can speak Korean and they entered into an employment contract
733,좋음,Good
735,2세 생산가능,
737,구직활동계획,Employment-seeking plans
738,중국이 시러서,I don't like China
742,한국 적응이 쉬울것 같아서,Because I think they will adjust to Korea easily
743,구체적인 사유 없음,No particular reason
745,더 호감이 가서,They give a more favorable impression
746,동포,Ethnic Korean
748,친숙함,Familiarity
749,둘중 한명을 꼭 골라야 된다길래 그나마 조금이라도 괜찮을거같아서,"Because I have to choose one, this candidate seemed a little better"
750,직업의 순위?,Job ranking?
753,그냥,Just because
754,언어를 조금이라도 사용하는 사람에게 우선을 주는 것이 낫다고 생각함,I think it’s better to give priority to the person who can speak at least a little bit of Korean
755,잘 모르겠음,I’m not sure.
756,정착 적응,"Settlement, adjustment"
757,구직을 통한 재정착,Resettlement through employment
758,잘 모르겠음,I’m not sure.
759,인력난이 심한 '농부' 선호,I prefer the ‘farmer’ for which there is a severe shortage of
760,취업계획이 있으므로,Because they have employment plans
761,다해주기 싫지만 둘중에 선택하라면 그렇다는 말이다 예맨은 받기 싫다,"I don't want to allow either candidate, but if I had to choose, I would rather not accept the person from Yemen"
762,구직계획이 있고 한국어 능력이 우수함,They have employment seeking plans and they have good Korean language skills
763,동포인 부분,They are ethnic Korean
764,"내 일자리를 위협하지 않고, 한국에서 사람들이 기피하는 일을 해 줄 것 같아서 입니다.",Because I don’t think they will threaten my employment and they will perform jobs that people avoid in Korea
765,좋다,Good
766,"한국민과 갗이 더불어 조화롭게 살수 있는지, 정착해서 생활이 가능한지 등을 봄",I looked at whether they can live harmoniously with other Koreans and whether they will be able to live after resettling
769,한국실정에 맞음,They are suited to Korea
772,직업이 전문직이고 고용상태가 정해져 있어 해를 끼치지는 않을꺼라 생각함 그러나 출신이 신경쓰여 고민을 많이 했다,"They have a professional occupation and their employment is determined already, so I don’t they will be harmful. However, I was concerned about their country of origin, so I thought about this a lot."
775,"중국,예멘 싫어서","I don't like China, Yemen"
776,한국사회에 도움이 될 것 같아 선택,Because I think they will be helpful to Korean society
779,선진국에서 왔으므로,Because they came from an advanced country
781,일본인은 기회가 많을것 같음,I think Japanese people will have lots of opportunity
784,"비슷한 조건이였지만 본인이 한국어를 직접사용하여 면접을 봤는지 안봤는지에 대한 기준으로 선택하였음. 중국사람의 경우 이민을 원하지만 한국어가 되지 않아 통역을 사를 이용하였으나, 북한사람의 경우 기본적인 의사소통은 충분히 가능하므로 북한사람을 선호","They had similar conditions, but I chose based on whether they conducted the interview in Korean or not. The Chinese person wanted to immigrate but they had to use an interpreter because they could not speak Korean. However, the North Korean person is fully able to communicate so I preferred them."
786,국적,Nationality
787,공부가 목적이라,Because their objective is education.
788,적응을 더 잘 할 것 같아서,Because I think they will adapt better
790,망명자,Refugee
796,한국으로 이민을 한다는 것은 곧 한국에서 산다는 의미로 해석이 될수도 있는데 그 나라에서 살기를 희망하면서 그 나라의 언어로 간단한 회화정도는 가능해야 한다고 생각하였음.,"Immigrating to Korean can mean living in Korea. If you hope to live in a country, I think you should be able to at least engage in simple conversation in that country’s language."
798,선택은 자유,Choice is free
799,직업이 우리 나라에 도움될 것 같아서,I think their occupation will be helpful in our country
800,일본 보다는 그래도 미국인이 조금은 선호함 그리고 의사가 교사 보다는 가르치는 직업이 아니니까,"I prefer an American over a Japanese person. Also, because doctors do not teach as much as educators."
806,한국어 수준을 기준으로 생각해보았습니다. 그리고 구직활동을 얼마나 했나 참고하였습니 .,I primarily thought about their language skills I also looked at how long they looked for employment.
807,없음,None
818,확실한 취업처,Clear work place
821,장기적 진실성,I think they will remain earnest/hardworking for a long time
824,출신국,Country of origin
825,의지,Willingness
826,언어소통,Language communication
827,없음,None
828,선진국가 국민이라서,Because they are a citizen of an advanced country
829,한국어 구사 능력.취업 가능성 유무,"Ability to speak Korean, possibility of employment"
835,동포,Ethnic Korean
837,특별하고 한국에 도움이 된다,They are unique and will be helpful to Korea
838,각 나라별 사람들이 모여 살면 여러가지의 지식이나 문화 기타등등 좋을것 같습ㄴ다,"If people from different countries live together I think will be good in terms of knowledge, culture, etc."
840,북한으로 부터 망명을 하는 경우엔 불허 될시 북한에서 처벌을 받게 될테니 인도적으로 허락을 해줘야 한다.,"If they are North Koreans seeking asylum, if their asylum is rejected, they will be punished in North Korea, so we must accept them from a humanitarian perspective."
841,망명과 공부 중에서 공부는 다시 돌아갈 것이기에,"Because between seeking asylum and education, those seeking education will eventually return"
842,같은동포라서,Because they are also ethnically Korean
843,능력과 인권,Competence and human rights
844,도착후에 안정적인 생활 확보,They will secure stable life after arriving
846,좋아서,Good
849,한국에서적응잘할것갓아선택했어요,I chose this person because I felt they would adjust well in Korea
851,취업계획을 중요시함. 대충와서 알아보겠다던지 무계획일경우 범죄에 악용되며 나중에 실제 범죄자가 될 가능성 있음.,"Employment plans are important If their plans are not clear or they don't have any plans, they will likely take advantage and there is a chance that they will actually become a criminal"
852,농사를지어면서생활하면되니까,Because they can make a living by farming
853,이민목적이 우리 사회에 유익 (단기근로와같이),Their immigration objectives are beneficial for our society (like short term work)
856,느낌,Feeling/sense
861,한국에서 경제활동을 할 의자가 있는 프로필 선호,I prefer the person who is willing to engage in economic activities in Korea
866,한민족,Ethnic Korean
868,선호보다는 거부감이 적은 직업과 성별,"I don’t really prefer them, but their occupation is okay and sex"
870,"여성후보자 우선인 이유 : 정착이 목적인 경우가 많음 연구개발자는 기술 이전에 도움을 주며, 프로그래머는 검증이 될수 있는 툴이 미제공되어 검증이 반드시 필요합니다. 그래서 선택을 하였습니다.","My reason for selecting the female candidate: in a lot of cases, the objective is resettlement. Someone who works in research and development will aid technology advancement. There are no verification tools in regard to programmers, so they must be inspected. That is why I chose this person."
871,이민 노,Immigration no
874,내용이 한국에 정착하려는 것 같아서 선택했습니다.,"It seemed like they were trying to resettle in Korea, so I chose them"
877,처음 신청,First application
878,한국어 가능 목적이 확실함,"Can speak Korean, objectives are clear"
881,선호하지 않는다,I do not prefer them
882,한국의 인력이 모자라므로(약간의 3D 업종?),Because there is not enough Korean workers (kind of like the 3D industry)?
885,한국어 가능,They can speak Korean
889,일단 대화 소통을 위해 한국어를 배우기 위해 노력을 햇는가 여부가 이민에 대한 의지를 보여줄 수 있기에,"I first considered whether they tried to learn Korean to communicate with others, which shows their willingness to immigrate"
890,법을 잘 준수할것 같음,I think they will follow the laws well
891,고용계약이 확실히 체결된 자,They successfully entered into an employment contract
892,구직활동 부분에 선호하게 됨,I preferred them because of their employment seeking activities
896,확실한 직업,Has a solid job
897,구직활동을 하니까,Because they are looking for a job
898,취업허가,Approval to work
900,동포,Ethnic Korean
901,왠지,For some reason
902,중국 동포는 신뢰성이 떨어짐.,I don’t trust the Chinese Korean as much
903,구직활동여부 및 조건,Whether they are looking for work and their conditions
907,국내 경제에 도움이 되는냐의 여부,Whether they will help the domestic economy
911,직업이잇자나요,Because they have a job
918,경쟁자보다 나은것 같아서,Because they are better than their competitor
921,동포라서,Because they are ethnic Korean
926,의사소통과 의도,Their ability to communicate and willingness
927,국내 정착 사유의 판단,Judgment of their reason for settling in Korea
928,한국어 사용,Korean language use
929,허가받고 우리나라에서 할계획이있어서,Because they’ve received approval and they have plans for Korea
930,"동포, 공부, 여자","Ethnic Korean, education, female"
931,국적,Nationality
933,취업 우선,Priority is given to employment
936,한국 사회에 빨리 적응할 것 같아서,Because I think they will adjust to Korean society quickly
938,전문직,Professional
941,그냥,Just because
944,특별한 이유는 없다,No special reason
945,한국어를 할 수 있으며 구직가능성이 보임,They can speak Korean and it seems they will find employment
947,한국사회에 어울려 이웃이 디기 쉽고 한국사람에게도 도움이 될수 있는 요건이 많기 때문임.,They are likely to become a neighbor in Korean society and they will probably be helpful to other Koreans
948,범죄와의 연관성이 적어 보여서,Because they seem to have little connection with crime
951,한국산업에 대한 기여도 고려,I also considered their contribution to Korean industry
953,직업,Employment
956,망명,Asylum seeker
968,유창한 한국어 전문직,"Fluent Korean, professional occupation"
971,보호해주기로,To protect them
973,확실한 근로선택때문에,Because of their clear employment choice
978,둘다 이민반대,I am against both candidates immigrating
983,일,Work
986,언어소통에 장애가 없고 간호사라는 직업에 점수를 줌,I gave them points because there were no barriers to communication and because they are a nurse
990,그냥 느낌이좋아서,I just felt good about them
991,첫번째로 망명보다는 분명한 목적이 있는 공부나 취업등이 1순위이다. 그이유는 이민자들 중 범죄가 제일 간과해야 될 부분인것 같다,"First of all, I gave priority to those with clear goals such as work or education over asylum seekers Because crime is one of the most overlooked aspect of immigrants."
992,한국어 능력과 의지,Ability to speak Korean and their willingness
998,어느 정도 자격을 갖추었다고 할까요?,How qualified are they?
1021,이유없음,No reason
1022,언어가 되어서,Because they can speak the language
1025,한민족이여서요,Because they are ethnically Korean
1027,명확한 목표가 있는것 같아보였음,Because they seem to have a clear goal
1031,정착성,Ability to settle
1032,구직활동,Employment-seeking activities
1034,우리국민이었으므로,Because they are one of us
1037,정착 후 주변과 좀 더 잘 어울리며 생활할 것 같음,I think they will get along better with others after settling
1042,취업,Employment
1047,이민에 대한 거부감이 없슴,No objection towards immigration
1048,미래,Future
1054,종교적인 제약이 있을것으로 판단함,I think there will be religious restrictions
1055,단기로만 한국을 있을 것이고 안전이 보장된 나라에서 와서.,They will be in Korea only short term and they are from a stable country.
1063,사상이 사회주의인 공산당은 믿을수도 함께할수도 없음.,We cannot trust or get along with the Communist Party which has socialist ideas.
1064,자유롭게 선택할 수 있는 배움의 기회,Opportunity to learn which can be freely chosen
1067,신속,Promptness
1068,한국어도 유창하며 구직이 완료되어있는상태이고 한국에 들어와서 정착하고 산다면 별 해가되는 일이 없어보이기 때문입니다,"Their Korean is fluent and they already have a job. If they were to come to Korea to live, I don’t think they will be harmful."
1069,일본 출신자는 안됨.,People from Japan cannot immigrate.
1073,동포,Ethnic Korean
1076,한국어 사용의 유창성,Fluency in Korean
1078,공부하는 데 많은 도움이 될 것 같다,I think they will be a great help to education
1081,국내에 적을을 더 잘할 것 같아서,Because I think they will adapt better in Korean
1085,희망직업이 간호사여서,Because they aspire to be a nurse
1086,언어때문허가,I approved them because of language
1101,이유없음,No reason
1117,농부라서,Because they are a farmer
1121,직업,Employment
1128,충분한 이민 사유가 될 것 같아서,Because I think their reason for immigration is sufficient
1130,저개발국출신,They are from an underdeveloped country
1135,취업이 보장됨,Employment is guaranteed
1139,여러 가능성을 두자는,To keep several possibilities
1146,한국어,Korean
1157,여성,Female
1162,직업적 안정성때문,Because of job security
1170,선호하지는 않는다,I do not prefer them
1177,"여성선호, 간호사 등 우리나라 부족인력에 대한 구직계획을 가진자","I prefer women and those who have plans to look for employment in sectors with a shortage of workers in our country including nurses, etc."
1183,선호 안함,I do not prefer them
1194,한국어 가능 여부와 구직자가 별로 없는 직종 종사자인지를 위주로 보았음,I considered whether they can speak Korean and if they have a job in a sector where there are few job seekers
1199,구직활동을 하고자 하는 노력이 있음.,They have made efforts to seek employment
1210,한국에 정작 적응 완료,Adapted to resettlement in Korea
1212,공부목적이여서,Because their goal is education
1215,망명을 원하는 자는 필히 허가해줘야 한다,We must approve asylum seekers no matter what
1217,구직계획이 있어서,They have employment-seeking plans
1062,한국어를 유창하게 함,They can speak Korean fluently
1222,같은 민족이 좋아요,I like ethnic Koreans
1232,언어 소통이 가능하므로..,Because they can communicate in Korean...
1233,직무에 적합할 것 같다. 이질감이 없다.,I think they will be appropriate for the job. No sense of difference.
1234,가장 무난해 보였다,Seemed like the easiest choice
1236,의사이므로,Because they are a doctor
1249,같은민족,They are also ethnically Korean
1262,동포,Ethnic Korean
1267,한국어를 잘 함,They can speak Korean well
1272,도움이 되어서,They will be helpful
1275,"역사적, 정치적 충돌이 덜함","Less clash in terms of history, politics"
1279,별문제가 되지않을것같아서,Because I don’t think they will be very problematic
1282,동남아 이민자가 더 호감이 가고 북아메리카 이민자에 대한 거부감,I prefer immigrants from Southeast Asia but not immigrants from North Korea
1285,확실한 직업과 한국어를 할려는 노력,They have a definite job and have made efforts to learn the language
1287,우리나라에 기여할 것 같아서,Because I think they will contribute to our country
1290,한국어를 유창하게 잘하므로,Because they can speak Korean fluently
1292,일본인은 좀 난해한거 같아서,Because the Japanese person will be difficult
1296,나라에 따라 달라짐,It will be different depending on the country
1303,이민 자격이 더 있는 거 같다,I think this person is more qualified to immigrate
1308,정착가능성여부,Whether they will be able to settle
1309,"국적, 직업이 호감이 가고 언어가 유창하여","I like their nationality, occupation better and their Korean is fluent"
1310,인류애,Humanity
1311,동포라서 선호함,I prefer them because they are ethnic Korean
1315,입국 이유가 분명한 편이고 한국어를 사용할 줄 알아서,Their reason for immigrating is clear and they know how to uses Korean
1321,문화정서적으로통하고 국민성이비슷면이있어서 이주후에 적응이 빠를것같다,"Cultural and emotional aspects are similar, and they will likely adapt faster after immigrating"
1322,두 이민자 분 중에 선택하기 어려웠다 한국어를 유창하게 한다는 점에서 중국분에게 점수를 줬지만 베트남 분은 간호사이며 취업의지가 있다는 점에서 선택하기 어려웠다 언어적인 측면 또한 국가 와의 관계를 생각했다,"It was difficult to chose between these two immigrants. I gave points to the Chinese person because they can speak Korean fluently, but the Vietnamese person is a doctor and was willing to work so it was difficult to chose. I considered the language aspect and diplomatic relations."
1328,취업문이 좁은 우리나라 일자리 줄어들어 더힘들지 않을까 염려되는 마음,I worry that jobs will decrease in our country where it is already difficult to find work making it more difficult
1329,한국말을 할줄 알아서 소통이 잘될거 같음.,I think they will be able to communicate well because they can speak Korean
1334,딱히 선호하진 않지만 보기중에서 선택한 사항임,"I don’t particularly like them, but I chose among the options"
1339,계약을 완료했으니까,Because they entered a contract
1348,직업유무,Occupation
1359,"한국어 잘함, 취업계획이 있음","Can speak Korean well, and has employment plans"
1371,신뢰,Reliability
1375,한국어구사능력,Korean language ability
1383,상황이 이민이 더 필요한 경우,I think their conditions make their immigration more urgent
1384,국적,Nationality
1386,둘다 싫었습니다,I didn’t like either
1393,동포는 도와야 한다,We must help ethnic Koreans
1402,한국어 사용이 유창하기 때문에,Because they can speak Korean fluently
1411,의사,Doctor
1423,특별한 이유는 없음,No special reason
1428,같은 동포라서,Because they are ethnic Korean
1431,같은 민족이라서,Because they are ethnic Korean like us
1432,좋아서,Good
1434,동족,Same ethnicity
1436,좋아서,Good
1444,한국어 가능,They can speak Korean
1456,0,0
1457,안전,Safety
1463,신원의 확실성,Their identity is certain
1464,취업 동포,"Employment, ethnic Korean"
1467,농촌인부 부족,There is a shortage of workers in agriculture
1470,기술직은 한국 기술및 경제발전에 도움이 될 가능성이 있음,Engineers may be able to help Korea's technological and economic development.
1472,직업이 확실하고 북한인이여서,They have a definite job and they are from North Korea
1498,언어의 유창성,Language fluency
1507,한민족,Ethnic Korean
1509,북한 사람 이어서,Because they are North Korean
1517,적합한 자격,Appropriate qualifications
1549,망명이나 공부를 위해 우리나라에 찾아와 구직계획까지 세워있어서,They came to our country to seek asylum or for educational purposes and have plans to find employment
1551,우리 나라를 원하고 있기에 했읍니다,Because they want to come to our country
1553,"인권존중,자유롭게살권리존중","Respect for human rights, respect for the right to live freely"
1558,더끌린쪽에투표함,I voted for the candidate I was more drawn to
1567,교사라는 직업이 마음에 든다,I like their occupation as a teacher
1569,없음,None
1577,별 이유 없음,No special reason
1578,미국이니까,Because they are from the US
1586,한국어에 능통하다,They are fluent in Korean
1589,마음이 더 끌린다,I was drawn to them more
1592,신청자1보다는 이주의 필요성이 더 높은 것 같아서,Because I though their need to immigrate was greater than Applicant 1
1602,교사로써 계약이 되어있으므로 구직이 바로 되어 나라에 도움이 될 것이다.,They are a teacher and can work right away because they entered into a contract already. I think they will be helpful for the country.
1610,대한민국에 대한 언어를 습득할려고 하는 노력과 직업을 구했다는,Because they tried to learn the language and found work
1613,선호하진 않는다 다만 중국인이 호감이 안가서,I don’t prefer them but I chose them because I didn’t get a good feeling towards the Chinese person
1624,같은 동포이기때문.,Because they are an ethnic Korean
1632,재정착이고 단기근무가 아니기 대문,"They are resettling, not coming for short-term work"
1637,선호한다기보다 그나마 나은상황,I don’t really prefer them--their conditions are a little better
1638,학업의 중요성,Education is important
1057,좀 더 편한 상대,They are more comfortable for me
1653,인도적인 차원에서,From a humanitarian perspective
1660,그냥,Just because
1662,아무래도 동포가 가까워서,The ethnic Korean candidate will be more familiar
1669,확실한 직업을 소지한자,The person who has a definite job
1687,교사라서,Because they are a teacher
1690,배트남 이민자에 대한 좋은 이미지,I have a good image of Vietnamese immigrants
1693,사회보탬,Social contribution
1698,선호하는 국가임,This is a country I prefer
1704,능력,Ability
1706,객관적으로 생각을하면 그냥 제3국에 정착을 한다는것은 이해하기가 어렵다. 자국을 탈피하여 3국에서 직업을 찾는다든가 또 공부를 목적으로 온다면 가능하겠지만.... 현재 우리나라 사정을 고려한다면 유학또는 공부를 핑계로 입국하여서 기간이 지나면 불법체류자가 되는 현실이 안타깝기 때문에 또 이런 분류의 사람들로 인하여 내국인의 국내 고용상황이 어려워지기 때문이다.,"When you think objectively, it is difficult to understand resettling in a third country. It may be possible if they are seeking work or education in a third country... However, if we consider the situation in South Korea, there are people who come into our country stating that they are here to study but become illegal residents after some time. Also, it has become more difficult for locals to find work because of such people."
1709,인도적,Humanitarian
1716,우리의 동포이고 유창한 한국말을 구사할줄 알기때문에 더 선호합니다.,They are ethnically Korean and can speak Korean fluently so I prefer them more.
1738,산업 발전에 도울 될 것 같음,Because I think they will be helpful to industrial development
1736,확실한 신원보장,Their identity definite
1740,그냥,Just because
1748,한국어를 할줄암.,They can speak Korean
1764,비밀,Secret
1770,..,..
1779,동포이고 기술도 가지고 있으므로,They are ethnically Korean and have skills
1781,소통이 될 것 같아서,Because they can communicate
1783,ㄴ,
1789,같은동포라서,Because they are also ethnically Korean
1791,"민족성,우호국가","Ethnicity, ally country"
1807,동질감과 노력하는 모습,"Sense of kinship, and their efforts"
1812,민족주의,Nationalism
1817,특별한 이유 없다,No special reason
1819,신뢰,Reliability
1824,한국에서는 간호사가 조금 더 이민을 하는데 쉬울거 같아서,"In Korea, it will be easier for nurses to immigrate"
957,구직계획이 확실하냐를 우선으로 했음,I considered whether they have clear employment seeking plans first
1827,직업이 분명해서 불법체류가 될 확률이 적을거 같다,I think there is little chance that they will become an illegal resident because they have a sure job
1840,각국의 경제력 인식,Recognition of economic power of each country
1872,한국어 능력,Ability to speak Korean
1874,"고용주와 계약이 되었고, 한국에서 살려고 하는 의도가 확실하기 때문","They have entered into a contract with an employer, and they have clear intent to live in Korea"
1881,북한 주민은 우리 동포이니까,North Koreans are ethnically Korean
1892,동포,Ethnic Korean
1903,그게 좋아보여서,It looks good
1904,dma,
1911,동포니까,Because they are ethnic Korean
1926,한국사회에 피해를 끼칠 우려가 적고 사회에 잘 융화되어 살 수 있을 것 같다,There is little chance that they will be harmful in Korean society and I think they will integrate well into society and live well
1928,유창한 한국어 구사,Fluent Korean
1932,한국에 적응할 의지가 있는지 여부,Whether they are willing to adapt in Korea
1935,직업 및 취업계획,Occupation and employment plans
1966,국적과 희망직업이 안전한 이민자 같다,I think their nationality and desired occupation is safe
1971,기술직,Engineer
1985,더 신뢰가 가는 인물같아서,Because they seem more trustworthy
1998,인간은 평등하고 어느나라에서나 살 수 있는 권리가 있기 때문에,Because humans are equal and have the right to live in any country
2004,그냥,Just because
2010,그냥,Just because
2011,위화감이 덜 느껴져서,I feel less uncomfortable
2023,ㄴㅇㄹ호,
2046,특별한 이유없음,No special reason
2051,여성이며 동포임,They are female and is ethnic Korean
2062,무무무,
2074,미국 국적이라,Because they are American
2076,이미 한국인 고용주와 계약이 되어 있어서 더 안정적으로 정착할 것 같다.,I think their settlement will be more stable because they have already entered into a contract with a Korean employer
2078,같은 민족으로 동조화 쉬움.,It will be easy for them to integrate as they are ethnically Korean
2081,그걸선호해서,Because I prefer this
2087,국내에 필요한 인력이라고 생각한다,I think their occupation is required in Korea
2088,신원확인의 용이함,Ease of identification
2089,국적,Nationality
2091,언어소통에별문제사없으메취업되어우리나라에정착하는데문제가최소할것같음,They don’t have much problem communicating and they will have little issue finding a job and settling Korea
2092,민족정서 고려,I considered ethnic sentiment
2095,언어 소통 가능한점,Because they can communicate in Korean...
2096,특별히 선호하는것 보다 이민을 허가하는 편임,"I don’t particularly prefer them, but I approve their immigration"
2097,북한사람만 아니면 됨 중국이나 베트남도 선호하지 않지만 북한사람은 더더욱 싫음,"As long as they are not North Korean. I don’t like Chinese or Vietnamese either, but I don’t like North Koreans even more."
2098,"직업종류에따라 선택하고, 나라 이미지에 선택했음",I chose based on type of occupation and country image
2100,직업(연구과학자),Occupation (science researcher)
2101,분단된 우리민족이므로,Because they are ethnic Koreans who have been separated
2104,고용주와 계약되어 있어,Because they entered into a contract with an employer
2105,직업이 의사여서,Because they are a doctor
2107,한국어를 할줄아는 사람.,Because they can speak Korean
2111,망명이고 고용계약이 완료됨,They are seeking asylum and have entered into an employment contract
2114,북이 싫어 망명했으며 미래사회에 적응하기 쉬운 컴퓨터프로그래머로서 정착이 쉬울것 같다,"They are seeking asylum because the don’t like Korea. They are a computer programmer, which will make it easy for them to adapt to society in the future. I think resettling will be easy for them."
2113,이민준비가 되어 있어서.,They are prepared to immigrate.
2112,한국 사회에 적응이 가능하고 국가에 듣이됨,They will be able to adapt to Korean society and will be helpful to the country
2118,일하면세금내니깐요,Because they work and pay taxes
2120,동포란 점이 이민자 허가의 중요한 요인입니다,The fact that they are ethnically Korean is a key factor to their immigration approval
2121,한국에 위협이 되는 대상은 제외했다 잘 적응 가능한 한국어 능통자 또는 한국어를 구사하기 위해 노력하는 자 선택,I excluded candidates who would be harmful to Korea. I selected the candidate who is proficient in Korean and will likely adjust well or who is trying to learn Korean.
2122,그냥싫으니깐,I just did not like them
2123,예맨보다 나을거같다,I think they will be better than the person from Yemen
2124,마음에 들어서,I liked them
2125,"조금이라도 한국어 사용, 공부","Ability to use even a little bit of Korean, education"
2129,특별히 없어요,No special reason
2130,우리나라 근로자의 이익을 침해하지 않는 선에서 근무할 수 있다고 생각함,I think they will be able to work here without harming Korean workers’ benefits
2131,1번 후보는 북한 출신임에도 불구하고 한국말을 하지 못하는 이유가 석연치 않음,I'm not sure why candidate No.1 can’t speak Korean even though they are from North Korea
2132,"취업은 자유로울 수 있으나, 망명은 신중하게 받아들여야함","Employment may be free, but asylum seekers must be accepted cautiously"
2134,같은민족,They are also ethnically Korean
2135,고학력자,High level of education
2137,좋아서,Good
2138,학력이 좋다,Good educational background
2139,우리나라에 필요한사람,They are needed in our country
2140,국가의 이미지로 판단하였음,I made my decision based on countries’ images
2143,이민의 뜻이 확고한 것 같다,I think the meaning of immigration is fixed
2147,국적차이 때문,Because of the differences in nationality
2148,망명자 우선적 배려 필요,We must consider asylum seekers first
2149,출신국가,Country of origin
2150,전문직이라 신뢰가 높아서,They have a professional occupation so they seemed more reliable
2151,구직채용계약이 되어있고 동포이므로,They have entered into an employment contract and is ethnic Korean
2154,북한과는 관계개선후 차후로,After improving relations with North Korea
2155,별 차이는 없다,No great difference between them
2157,친근해서,Familiarity
2162,호감이가서,Seems interesting
2163,여성이라서,Female
2167,상대적으로 선택하지 않은 후보자보다 호감이 가서,Seemed more interesting than the candidate that was not selected
2170,구직활동,Looking for work
2174,정확한 사유가 필요함,Need a precise reason
2175,적응을 잘 할 것 같아서,Likely to adapt well
2180,없다,None
2184,친근한 느낌이 들어서,Got a familiar feeling
2186,모든 인종에 대해 포용하는 것이 바람직해서,Tolerance of all races is desirable
2189,자국에서의 적응 능력,Ability to adapt in the country
2194,없음,None
2197,기술,Technical skill
2202,없음,None
2204,직장이 정해졌으므로.,Job is already decided
2212,취업이 완료되어,Has a job already
2219,더 나아 보여서,Seemed better
2220,이유없음,No reason
2224,사회의 일원으로 도움이 될것같다,Helpful as a member of the society
2229,같은 민족 동포라서 잘 어룰릴 것,Same ethnic Korean so will match well
2234,착하고 성실할 것같다.,Seems kind and sincere
2235,조건이 더 좋아서,Better conditions
2243,곧 정착할수 있을 것 같아서,Will probably settle soon
2245,고용확정,Has employment
2260,비슷,Similar
2273,정착이 안정적일것같다,Will settle safely
2280,선진국 사람이라,From a developed country
2299,"방금선택한 후보가 북한사람 아니었던가요? 북한사람이면, 지금 언어가 잘 통하지 않아도, 북한은 우리랑 같은민족이므로, 언어,성별등 다른 조건이 불리해도, 다른 나라사람보다 우선시되었음합니다.","The candidate I just chose was a North Korean, no? If it is a North Korean, even if we can't communicate well now, North Korea is the same ethnic nation as us, and even if other conditions such as language, gender etc. are not favorable, still preferable to other countries."
2315,위험하지 않을거 같아서,Probably not dangerous
2316,선택하고싶어서 햇습니다,"I wanted to chose it, so I did"
2341,취업 완료 상태 때문에,Already has a job
2343,실력이 더 좋다,More capable
2353,일본적대감 북한동포애,Anti-Japanese hostility [and] North Korean ethnic fraternity
2357,구직과 언어 모두 준비를 성실히 한것같아서,Has prepared everything sincerely; work and language
2363,미국 여성이라 안전할것 같아서,Is an American woman so seems safe
2364,거짓없이 기록한 것 같아서,Doesn't seem to have lied
2372,아시아인이라 한국인 정서가 비슷해서 문제 될게 없다.,No problems because person is Asian so has similar emotions as Koreans.
2377,내국인들이 가장 힘들어하는 부분이여서입니다,Because this is the hardest work for locals to do
2380,저임금,Low wages
2404,동포,Ethnic Korean
2407,그냥,Just because
2409,농촌일손 부족,Lack of workers in rural areas
2762,특별히 선호하지 않음,No special preference
2787,이유없습,No reason
2815,선택지가 좁다,Not many options
2817,정착에 필요한 언어 습득 및 구직 계획 등,"Has the language needed for settlement, and plans to seek work."
2818,우리나라에서 살고 싶어하고 어느 정도 자격 요건도 갖추고 있으므로,"Wants to live in our country, and does to some degreee meet the required qualifications"
2822,같은 민족인 이유도 있고 중국인은 좋은 이미지가 아니어서 북한 선택,Chose North Korea partly because we are the same nation; and because Chinese people don't have a good image.
2823,우리에게 도움이 될 수 있을 것 같다.,It seems like this person could be of help to us.
2913,특별한 이유는 없음,No particular reason.
2920,없네요,I don't have one.
2937,우리나라에 이득이 될 것 같아서...,Because [he or she] seems likely to be of benefit to our country.
2939,두명은 보육교사로 오는 것에 대해서 현재 한국에서 근무하는 보육교사들의 이미지로 인해 자녀를 맡기기 어려울 것 같고 다른 한명은 농부로써 현재 농촌에 일손이 부족하여서 선호하게 되었음,"On two of them coming as early childhood educators; due to the image of early childhood educators working in Korea now, it would probably be difficult [for people] to leave their sons and daughters with them. The other person was preferred as a farmer, becasue there is a lack of labor in farming areas."
3023,학업적으로 높기때문에,High scholastic achievement.
3029,한국어 사용,Korean usage.
3039,신분 및 목적이 확실하며 국익에 도움이 될꺼라 판단됨,"Judgement that their status and goal are clear, and they will be of help to the national interest."
3050,면접까지 통과되었기 때문에,Because they had passed an interview.
